/blog/front-teeth-veneers-complete-guide /veneers/front-teeth-veneers-los-angeles/ 301
/blog/front-teeth-veneers-complete-guide/ /veneers/front-teeth-veneers-los-angeles/ 301
/assets/* /assets/:splat 200!
/front-teeth-veneers-complete-guide.html /veneers/front-teeth-veneers-los-angeles/ 301
/front-teeth-veneers-complete-guide/ /veneers/front-teeth-veneers-los-angeles/ 301

# Static files - serve directly with force flag
/sitemap.xml /sitemap.xml 200!
/robots.txt /robots.txt 200!
/favicon.ico /favicon.ico 200!

# Trailing slash consistency (enforce trailing slash policy)
/about /about/ 301
/services /services/ 301
/contact /contact/ 301
/tour /tour/ 301
/veneers /veneers/ 301
/veneers-los-angeles /veneers-los-angeles/ 301
/veneers/front-teeth-veneers-los-angeles /veneers/front-teeth-veneers-los-angeles/ 301
/testimonials /testimonials/ 301
/blog /blog/ 301
/transformation-stories /transformation-stories/ 301
/share-your-story /share-your-story/ 301
/smile-gallery /smile-gallery/ 301
/client-experience /client-experience/ 301
/faqs /faqs/ 301
/wedding /wedding/ 301
/graduation /graduation/ 301
/zoom-whitening /zoom-whitening/ 301
/teeth-whitening /teeth-whitening/ 301
/invisalign /invisalign/ 301
/itero-scanner /itero-scanner/ 301
/dental-implants /dental-implants/ 301
/dental-bridge /dental-bridge/ 301
/dental-crowns /dental-crowns/ 301
/root-canal /root-canal/ 301
/teeth-cleaning /teeth-cleaning/ 301
/pain-free-dentistry /pain-free-dentistry/ 301
/oral-cancer-screening /oral-cancer-screening/ 301
/cosmetic-dentistry /cosmetic-dentistry/ 301
/emergency-dentist /emergency-dentist/ 301
/west-hollywood-dentist /west-hollywood-dentist/ 301
/beverly-hills-dentist /beverly-hills-dentist/ 301
/culver-city-dentist /culver-city-dentist/ 301
/west-la-dentist /west-la-dentist/ 301
/bel-air-dentist /bel-air-dentist/ 301
/90048-dentist /90048-dentist/ 301
/melrose-dentist /melrose-dentist/ 301
/westwood-dentist /westwood-dentist/ 301
/privacy-policy /privacy-policy/ 301
/terms-of-service /terms-of-service/ 301
/hipaa-compliance /hipaa-compliance/ 301

# Additional edge redirect patterns for canonical enforcement
http://exquisitedentistryla.com/* https://exquisitedentistryla.com/:splat 301!
https://www.exquisitedentistryla.com/* https://exquisitedentistryla.com/:splat 301!

# SPECIFIC redirects first (before wildcards)
/hollywood-cosmetic-dentist.html /services/ 301
/dentist-west-hollywood.html /about/ 301
/invisalign-los-angeles.html /invisalign/ 301
/invisalign.html /invisalign/ 301
/teeth-whitening.html /teeth-whitening/ 301
/dental-implants.html /dental-implants/ 301
/cosmetic-dentistry.html /cosmetic-dentistry/ 301
/emergency-dentist.html /emergency-dentist/ 301
/veneers-los-angeles.html /veneers-los-angeles/ 301
/z-test_value.html / 301
/5-ways-to-improve-oral-care-while-youre-at-work/ /blog/ 301
/blog/5-ways-to-improve-oral-care-while-youre-at-work/ /blog/ 301

# High-traffic missing URLs from Google Search Console
/single-tooth-veneers-guide /blog/single-tooth-veneers-perfect-solutions/ 301
/single-tooth-veneers-guide/ /blog/single-tooth-veneers-perfect-solutions/ 301
https://www.exquisitedentistryla.com/single-tooth-veneers-guide https://exquisitedentistryla.com/blog/single-tooth-veneers-perfect-solutions/ 301
https://www.exquisitedentistryla.com/single-tooth-veneers-guide/ https://exquisitedentistryla.com/blog/single-tooth-veneers-perfect-solutions/ 301
/blog/single-tooth-veneers-guide /blog/single-tooth-veneers-perfect-solutions/ 301
/choosing-veneers-for-the-front-4-teeth/ /veneers/front-teeth-veneers-los-angeles/ 301
/choosing-veneers-for-the-front-4-teeth /veneers/front-teeth-veneers-los-angeles/ 301
/about-us/about-dr-alexie-aguil/ /about/ 301
/cosmetic-dentist-redondo-beach-ca/ /west-la-dentist/ 301
/choosing-veneers-for-just-one-tooth/ /blog/single-tooth-veneers-perfect-solutions/ 301
/blog/2-front-teeth-veneers-cost-los-angeles /veneers/front-teeth-veneers-los-angeles/ 301
/blog/2-front-teeth-veneers-cost-los-angeles/ /veneers/front-teeth-veneers-los-angeles/ 301
/the-shapes-and-styles-of-dental-veneers/ /veneers/ 301
/services/dental-crowns/ /dental-crowns/ 301
/services/dental-crowns /dental-crowns/ 301
/dental-crowns/ /dental-crowns/ 301
/dental-crowns /dental-crowns/ 301
/services/teeth-cleaning/ /teeth-cleaning/ 301
/services/teeth-cleaning /teeth-cleaning/ 301
/services/dental-bridge/ /dental-bridge/ 301
/services/dental-bridge /dental-bridge/ 301
/dental-bridge/ /dental-bridge/ 301
/dental-bridge /dental-bridge/ 301
/services/root-canal-procedure/ /root-canal/ 301
/services/root-canal-procedure /root-canal/ 301
/root-canal-procedure/ /root-canal/ 301
/root-canal-procedure /root-canal/ 301
/services/general-dentistry/ /teeth-cleaning/ 301
/services/general-dentistry /teeth-cleaning/ 301
/services/general-dentistry/teeth-cleaning/ /teeth-cleaning/ 301
/services/general-dentistry/teeth-cleaning /teeth-cleaning/ 301
/teeth-cleaning/ /teeth-cleaning/ 301
/services/pain-free-dentistry/ /pain-free-dentistry/ 301
/services/pain-free-dentistry /pain-free-dentistry/ 301
/service/pain-free-dentistry /pain-free-dentistry/ 301
/service/pain-free-dentistry/ /pain-free-dentistry/ 301
/services/oral-cancer-screening/ /oral-cancer-screening/ 301
/services/oral-cancer-screening /oral-cancer-screening/ 301
/oral-cancer-screening/?no_redirect=true /oral-cancer-screening/ 301
/oral-cancer-screening /oral-cancer-screening/ 301
/blog/netflix-streaming-during-dental-procedures /blog/ 301
/smile-makeover/ /cosmetic-dentistry/ 301
/services/zoom-whitening/ /zoom-whitening/ 301
/forms/ /contact/ 301
/long-will-take-fix-crooked-teeth/ /invisalign/ 301
/long-will-take-fix-crooked-teeth/1000 /invisalign/ 301
/long-will-take-fix-crooked-teeth//1000 /invisalign/ 301
/long-will-take-fix-crooked-teeth/:splat /invisalign/ 301
/blog/4-front-teeth-veneers-cost-los-angeles /veneers/front-teeth-veneers-los-angeles/ 301
/blog/4-front-teeth-veneers-cost-los-angeles/ /veneers/front-teeth-veneers-los-angeles/ 301
/our-practice/ /about/ 301
/the-material-options-for-dental-veneers/ /blog/the-material-options-for-dental-veneers/ 301
/the-material-options-for-dental-veneers/1000 /blog/the-material-options-for-dental-veneers/ 301
/the-material-options-for-dental-veneers//1000 /blog/the-material-options-for-dental-veneers/ 301
/the-material-options-for-dental-veneers/:splat /blog/the-material-options-for-dental-veneers/ 301
/the-shapes-and-styles-of-dental-veneers/ /blog/the-shapes-and-styles-of-dental-veneers/ 301
/the-shapes-and-styles-of-dental-veneers/1000 /blog/the-shapes-and-styles-of-dental-veneers/ 301
/the-shapes-and-styles-of-dental-veneers//1000 /blog/the-shapes-and-styles-of-dental-veneers/ 301
/the-shapes-and-styles-of-dental-veneers/:splat /blog/the-shapes-and-styles-of-dental-veneers/ 301
/what-to-do-if-youve-chipped-a-tooth/ /blog/what-to-do-if-youve-chipped-a-tooth/ 301
/what-to-do-if-youve-chipped-a-tooth/1000 /blog/what-to-do-if-youve-chipped-a-tooth/ 301
/what-to-do-if-youve-chipped-a-tooth//1000 /blog/what-to-do-if-youve-chipped-a-tooth/ 301
/what-to-do-if-youve-chipped-a-tooth/:splat /blog/what-to-do-if-youve-chipped-a-tooth/ 301
/marijuana-use-increases-risk-gum-disease/ /blog/marijuana-use-increases-risk-gum-disease/ 301
/marijuana-use-increases-risk-gum-disease/?no_redirect=true /blog/marijuana-use-increases-risk-gum-disease/ 301
/marijuana-use-increases-risk-gum-disease//1000 /blog/marijuana-use-increases-risk-gum-disease/ 301
/recommendations-to-work-flossing-into-your-daily-routine/ /blog/recommendations-to-work-flossing-into-your-daily-routine/ 301
/female-smokers-are-at-a-higher-risk-of-oral-cancer/ /blog/why-female-smokers-are-at-a-high-risk-for-oral-cancer-unpacking-the-dangers/ 301
/a-dentist-for-adults-in-los-angeles/ /blog/dentist-for-adults-los-angeles/ 301
/leading-cosmetic-dentist-for-adults-in-los-angeles-transforming-smiles-at-any-age/ /blog/leading-cosmetic-dentist-for-adults-in-los-angeles-transforming-smiles-at-any-age/ 301
/the-best-long-term-cosmetic-dentistry-solutions/ /blog/long-term-cosmetic-dentistry-solutions/ 301
/the-best-teeth-straightening-for-adults/ /invisalign/ 301
/high-end-dentistry/ /cosmetic-dentistry/ 301
/high-end-dentistry/1000 /cosmetic-dentistry/ 301
/high-end-dentistry//1000 /cosmetic-dentistry/ 301
/high-end-dentistry/:splat /cosmetic-dentistry/ 301
/cosmetic-dentist-beverly-hills-ca/ /beverly-hills-dentist/ 301
/cosmetic-dentist-culver-city-ca/ /culver-city-dentist/ 301
/cosmetic-dentist-culver-city-ca /culver-city-dentist/ 301
/cosmetic-dentist-burbank-ca/ /west-hollywood-dentist/ 301
/cosmetic-dentist-burbank-ca /west-hollywood-dentist/ 301
/cosmetic-dentist-glendale-ca/ /west-hollywood-dentist/ 301
/cosmetic-dentist-glendale-ca /west-hollywood-dentist/ 301
/cosmetic-dentist-santa-monica-ca/ /west-la-dentist/ 301
/cosmetic-dentist-santa-monica-ca /west-la-dentist/ 301
/cosmetic-dentist-west-hollywood-ca/ /west-hollywood-dentist/ 301
/cosmetic-dentist-west-hollywood-ca /west-hollywood-dentist/ 301
/west-hollywood-dentist/teeth-whitening/ /west-hollywood-dentist/ 301
/westwood-dentist/ /westwood-dentist/ 301
/westwood-dentist /westwood-dentist/ 301
/west-la-dentist/ /west-la-dentist/ 301
/west-la-dentist /west-la-dentist/ 301
/bel-air-dentist/ /bel-air-dentist/ 301
/bel-air-dentist /bel-air-dentist/ 301
/melrose-dentist/ /melrose-dentist/ 301
/melrose-dentist /melrose-dentist/ 301
/beverly-hills-dentist/ /beverly-hills-dentist/ 301
/beverly-hills-dentist /beverly-hills-dentist/ 301
/90048-dentist/ /90048-dentist/ 301
/90048-dentist /90048-dentist/ 301
/culver-city-dentist/ /culver-city-dentist/ 301
/culver-city-dentist /culver-city-dentist/ 301

# Pattern-based catch-alls for other locations
/*-dentist.html /services/ 301
/*-cosmetic-dentist* /services/ 301
/*-veneers* /veneers/ 301
/*-whitening* /zoom-whitening/ 301
/dentist-* /about/ 301

# Fallback for missed location pages
/*beach* / 301
/*hills* / 301
/*hollywood* / 301

# Domain-level redirects LAST (wildcards)
# Redirect www to non-www (CRITICAL for canonical URLs)
https://www.exquisitedentistryla.com/* https://exquisitedentistryla.com/:splat 301!
http://www.exquisitedentistryla.com/* https://exquisitedentistryla.com/:splat 301!

# Redirect mobile domains
http://m.exquisitedentistryla.com/* https://exquisitedentistryla.com/:splat 301!
https://m.exquisitedentistryla.com/* https://exquisitedentistryla.com/:splat 301!

# Redirect HTTP to HTTPS
http://exquisitedentistryla.com/* https://exquisitedentistryla.com/:splat 301!

# Case Studies to Transformation Stories redirects (SEO preservation)
/case-studies /transformation-stories/ 301
/case-studies/ /transformation-stories/ 301
/case-studies/* /transformation-stories/:splat 301

# Avoid duplicate homepage variants.
/index.html / 301

# Catch any remaining clean-URL `.html` variants.
# We generate `public/*.html` fallbacks for legacy/compatibility, but the canonical URLs
# are the trailing-slash routes (e.g., `/dental-implants/`). Redirecting prevents
# duplicate indexable variants and duplicate meta descriptions.
/*.html /:splat/ 301

# NOTE: We no longer use a global SPA rewrite here.
# All indexable marketing, service, blog, and story routes are statically prerendered into `dist/`.
# Unknown URLs should return a real 404 (preferred for SEO) instead of a 200 shell.
